Ranking;Score_ROI_Medio;Acertos_11;Acertos_12;Acertos_13;Acertos_14;Acertos_15;Matriz_IA_20_Dezenas
1;290.23;14304;2700;264;10;3;1, 2, 3, 4, 6, 8, 9, 10, 12, 13, 15, 16, 17, 18, 19, 20, 21, 22, 23, 24
2;289.46;14489;2681;240;8;3;2, 3, 4, 5, 6, 7, 9, 10, 12, 13, 16, 17, 18, 19, 20, 21, 22, 23, 24, 25
3;172.95;15068;2829;246;14;2;1, 2, 3, 5, 6, 7, 9, 10, 12, 13, 14, 15, 17, 18, 19, 21, 22, 23, 24, 25
4;172.75;14951;2982;242;13;2;2, 4, 5, 6, 9, 10, 11, 12, 13, 14, 15, 16, 18, 19, 20, 21, 22, 23, 24, 25
5;171.7;14877;2848;268;11;2;2, 3, 5, 6, 7, 8, 9, 10, 11, 12, 13, 14, 15, 16, 17, 19, 21, 23, 24, 25
6;171.39;14867;2785;245;11;2;1, 2, 3, 4, 6, 7, 9, 10, 12, 13, 14, 15, 17, 18, 19, 20, 21, 22, 24, 25
7;171.23;14547;2890;240;11;2;1, 2, 3, 4, 6, 7, 8, 9, 10, 11, 12, 13, 14, 15, 19, 20, 21, 22, 23, 24
8;171.03;14675;3003;268;9;2;1, 2, 3, 4, 6, 7, 10, 11, 13, 14, 15, 16, 17, 18, 19, 20, 21, 22, 23, 25
9;170.88;14506;2723;257;11;2;1, 3, 6, 7, 8, 10, 11, 12, 13, 14, 15, 16, 17, 18, 19, 20, 21, 22, 23, 25
10;170.5;14559;2741;241;10;2;1, 2, 3, 4, 5, 6, 7, 8, 9, 10, 11, 12, 13, 14, 16, 18, 20, 21, 22, 25
11;170.34;14625;2783;252;9;2;1, 2, 3, 5, 6, 7, 8, 9, 10, 12, 13, 14, 15, 18, 19, 20, 21, 23, 24, 25
12;170.32;14375;2762;241;10;2;1, 3, 4, 5, 6, 7, 9, 11, 12, 13, 14, 16, 17, 18, 19, 20, 21, 23, 24, 25
13;170.09;14464;2776;245;9;2;1, 2, 3, 5, 6, 7, 9, 11, 12, 14, 15, 16, 17, 18, 20, 21, 22, 23, 24, 25
14;169.38;14593;2791;228;7;2;1, 3, 4, 5, 6, 7, 9, 10, 12, 13, 14, 15, 16, 17, 18, 19, 21, 23, 24, 25
15;169.26;14364;2680;232;8;2;1, 2, 4, 5, 7, 8, 9, 10, 11, 12, 13, 14, 15, 17, 18, 19, 21, 23, 24, 25
16;169.07;14193;2813;248;7;2;1, 2, 3, 5, 6, 7, 8, 9, 10, 11, 12, 13, 16, 17, 18, 20, 22, 23, 24, 25
17;168.79;14357;2797;241;6;2;1, 2, 3, 4, 5, 6, 7, 8, 11, 13, 14, 15, 16, 17, 19, 20, 22, 23, 24, 25
18;168.65;14494;2748;210;6;2;1, 2, 4, 5, 6, 7, 8, 10, 12, 14, 15, 16, 18, 19, 20, 21, 22, 23, 24, 25
19;167.89;14910;2817;239;2;2;1, 2, 3, 4, 6, 7, 9, 10, 11, 12, 13, 14, 17, 18, 19, 20, 22, 23, 24, 25
20;167.73;14518;2802;230;3;2;1, 2, 3, 4, 5, 6, 9, 10, 11, 12, 13, 14, 15, 16, 17, 18, 19, 20, 23, 25
21;53.73;14918;2864;259;16;1;1, 2, 3, 4, 5, 7, 8, 9, 10, 11, 12, 13, 14, 15, 16, 17, 19, 20, 24, 25
22;53.61;14633;2832;243;17;1;1, 2, 3, 4, 6, 7, 9, 10, 11, 12, 13, 14, 15, 17, 18, 20, 21, 22, 23, 24
23;53.46;14940;2917;256;15;1;1, 2, 3, 4, 5, 9, 10, 12, 13, 14, 15, 16, 17, 18, 20, 21, 22, 23, 24, 25
24;53.36;15094;2899;281;14;1;1, 2, 3, 4, 5, 6, 7, 8, 9, 10, 11, 12, 13, 14, 15, 16, 20, 23, 24, 25
25;53.08;14314;2792;234;17;1;1, 2, 3, 4, 6, 7, 8, 9, 10, 11, 13, 14, 16, 17, 19, 20, 21, 22, 23, 25
26;53.04;14283;2810;226;17;1;1, 3, 5, 6, 7, 8, 11, 12, 13, 14, 15, 17, 18, 19, 20, 21, 22, 23, 24, 25
27;52.97;14554;2777;240;16;1;1, 2, 3, 4, 5, 6, 7, 10, 12, 14, 15, 17, 18, 19, 20, 21, 22, 23, 24, 25
28;52.83;15010;2894;279;13;1;1, 3, 4, 5, 6, 7, 8, 9, 10, 11, 12, 13, 14, 15, 17, 18, 20, 21, 22, 25
29;52.77;14909;2804;258;14;1;1, 3, 4, 5, 6, 7, 10, 12, 13, 14, 15, 16, 17, 18, 19, 20, 22, 23, 24, 25
30;52.57;14804;2919;267;13;1;1, 2, 3, 4, 5, 6, 9, 10, 11, 13, 14, 15, 16, 17, 18, 19, 20, 21, 23, 25
31;52.44;14395;2833;227;15;1;1, 3, 5, 7, 9, 10, 11, 12, 13, 14, 15, 17, 18, 19, 20, 21, 22, 23, 24, 25
32;52.42;14811;2821;279;13;1;2, 3, 4, 5, 6, 7, 9, 10, 11, 12, 13, 14, 15, 16, 17, 18, 20, 22, 24, 25
33;52.31;14697;2927;242;13;1;1, 2, 3, 4, 5, 7, 8, 9, 10, 11, 12, 13, 14, 15, 17, 18, 20, 22, 24, 25
34;52.29;14496;2823;253;14;1;1, 2, 3, 4, 5, 6, 7, 8, 9, 10, 11, 12, 13, 14, 15, 17, 18, 20, 21, 24
35;52.26;14763;2955;276;12;1;2, 3, 4, 5, 6, 7, 8, 12, 13, 15, 16, 17, 18, 19, 20, 21, 22, 23, 24, 25
36;52.26;14451;2720;231;15;1;1, 2, 3, 4, 6, 8, 10, 11, 13, 14, 15, 16, 17, 18, 19, 20, 21, 22, 23, 25
37;52.23;14790;2940;271;12;1;1, 2, 3, 5, 7, 8, 10, 11, 13, 14, 15, 16, 17, 18, 19, 20, 21, 22, 24, 25
38;52.21;14766;2934;275;12;1;1, 2, 3, 4, 5, 7, 9, 10, 11, 12, 13, 14, 15, 16, 17, 18, 19, 20, 21, 22
39;52.2;14463;2956;259;13;1;1, 3, 4, 5, 7, 8, 9, 10, 11, 12, 13, 14, 15, 16, 17, 20, 21, 22, 23, 24
40;52.19;14882;2975;299;11;1;1, 2, 3, 5, 8, 9, 11, 12, 13, 14, 15, 16, 17, 18, 19, 20, 21, 22, 23, 24
41;52.18;14913;2983;288;11;1;1, 3, 4, 5, 7, 8, 9, 10, 11, 14, 15, 16, 17, 19, 20, 21, 22, 23, 24, 25
42;52.17;14658;2894;239;13;1;1, 3, 4, 5, 6, 7, 9, 10, 11, 12, 13, 16, 17, 18, 19, 20, 21, 22, 23, 24
43;52.15;14844;2911;258;12;1;1, 2, 3, 5, 7, 9, 10, 11, 12, 13, 14, 15, 16, 17, 18, 19, 21, 23, 24, 25
44;52.08;15080;3051;277;10;1;1, 2, 3, 6, 8, 9, 10, 11, 13, 14, 15, 17, 18, 19, 20, 21, 22, 23, 24, 25
45;52.03;14624;2815;255;13;1;2, 3, 4, 5, 6, 7, 8, 9, 10, 11, 13, 14, 15, 16, 17, 18, 19, 21, 24, 25
46;52.0;14655;2831;237;13;1;1, 2, 3, 4, 6, 8, 9, 11, 12, 13, 14, 15, 17, 18, 19, 20, 21, 22, 23, 24
47;52.0;14454;2802;222;14;1;2, 3, 6, 7, 8, 9, 10, 11, 12, 13, 14, 15, 16, 17, 18, 19, 20, 22, 23, 25
48;51.97;14709;2820;226;13;1;1, 3, 4, 5, 6, 7, 9, 11, 12, 15, 16, 17, 18, 19, 20, 21, 22, 23, 24, 25
49;51.94;14158;2729;234;15;1;1, 3, 4, 5, 7, 8, 9, 10, 11, 12, 13, 15, 16, 17, 18, 19, 21, 22, 23, 24
50;51.9;14388;2816;280;13;1;1, 4, 5, 6, 7, 8, 10, 11, 12, 13, 14, 15, 17, 18, 19, 20, 22, 23, 24, 25
